Team,TeamName,W,L,WinPct_V2,WinPct,PTS,MOV,SRS,ORtg,DRtg,NRtg,Pace,TS%,Payroll,PayrollMillions,CapAllocations,Cap Space,DeadCash,DeadCap,FinancialEfficiencyScore,FinancialFlexibilityScore,TeamPerformanceScore,HustleCompositeScore,FrontOfficeCompositeScore,FrontOfficeCompositeRank,AvgAge,FG%,3P%,FT%,TRB,AST,STL,BLK,TOV,RosterAge,CostPerWin,PayrollRank,CapAllocationRank,PointDiffPerDollar,NetRatingPerMillion,G,MP,FG,FGA,3P,3PA,2P,2PA,2P%,FT,FTA,ORB,DRB,PF,RosterAge_Advanced,AdvancedSource_W,AdvancedSource_L,PW,PL,AdvancedSource_MOV,SOS,AdvancedSource_SRS,AdvancedSource_ORtg,AdvancedSource_DRtg,AdvancedSource_NRtg,AdvancedSource_Pace,FTr,3PAr,AdvancedSource_TS%,Off_eFG%,Off_TOV%,Off_ORB%,Off_FT_FGA,Opp_eFG%,Opp_TOV%,Def_DRB%,Opp_FT_FGA,Arena,TotalAttendance,AttendancePerGame,PayrollSource_PayrollSourceRank,PayrollSource_Record,PayrollSource_SignedPlayers,PayrollSource_PayrollAvgAge,PayrollSource_ActiveCash,PayrollSource_DeadCash_Source,PayrollSource_RetainedCash,PayrollSource_TotalCashPayroll,CapSource_CapSourceRank,CapSource_Record,CapSource_CapPlayerCount,CapSource_CapActiveAvgAge,CapSource_TotalCapAllocations_Source,CapSource_CapSpace_Source,CapSource_AllActiveCap,CapSource_ActiveTop3Cap,CapSource_DeadCap_Source,Min,Screen Assists,Screen Assists PTS,Deflections,OFF Loose Balls Recovered,DEF Loose Balls Recovered,Loose Balls Recovered,% Loose Balls Recovered OFF,% Loose Balls Recovered DEF,Charges Drawn,Contested 2PT Shots,Contested 3PT Shots,Contested Shots,Salary_PlayerCount,Salary_PlayersWithCurrentSalary,Salary_CurrentTotal,Salary_CurrentMean,Salary_CurrentMedian,Salary_CurrentMax,Salary_CurrentMin,Salary_CurrentStd,Salary_CurrentRange,Salary_Top3Total,Salary_Top5Total,Salary_GuaranteedTotal,Salary_Top1Share,Salary_Top3Share,Salary_Top5Share,Salary_ConcentrationHHI,Salary_2026_27_TeamTotal,Salary_2027_28_TeamTotal,Salary_2028_29_TeamTotal,Salary_2029_30_TeamTotal,Salary_2030_31_TeamTotal,G_Shooting,MP_Shooting,Shooting_FG%,AverageShotDistance,FGA_Share_2P,FGA_Share_0_3,FGA_Share_3_10,FGA_Share_10_16,FGA_Share_16_3P,FGA_Share_3P,FGPct_2P,FGPct_0_3,FGPct_3_10,FGPct_10_16,FGPct_16_3P,FGPct_3P,AssistedFGPct_2P,AssistedFGPct_3P,Dunk_FGA_Share,Dunks_Made,Layup_FGA_Share,Layups_Made,Corner3_ShareOf3PA,Corner3_FG%,HalfCourt_Attempts,HalfCourt_Makes,TotalCashPayroll,ActiveCash,DeadCash_Source,RetainedCash,SignedPlayers,PayrollAvgAge,TotalCapAllocations_Source,CapSpace_Source,AllActiveCap,ActiveTop3Cap,DeadCap_Source,CapPlayerCount,CapActiveAvgAge,GamesPlayed_Record,ScoringAboveLeagueAvg,PayrollVsLeagueAverage,PayrollPercentile,CostPerWin_V2,WinsPerPayrollMillion,MOVPerPayrollMillion,NetRatingPerPayrollMillion_V2,OffensiveRatingPerPayrollMillion,DeadCashPctOfPayroll,DeadCapPctOfAllocations,CapAllocationsPerWin,RetainedCashPctOfPayroll,ActiveCashPctOfPayroll,CapTop3Share,CapSpacePctOfAllocations,PlayerSalaryCoverageOfPayroll,GuaranteedToCurrentSalaryRatio,SalaryCoefficientOfVariation,CalculatedNetRating,EffectiveFGDifferential,TurnoverRateDifferential,ReboundingComposite,AssistTurnoverRatio,ThreePointAttemptRate_Calculated,FreeThrowAttemptRate_Calculated,OffensiveReboundShare,RimAndThreeShare,RimToThreeBalance,RimThreeEfficiencyAverage,Corner3EfficiencyPremium,AssistedShotProfile,RimFinishesMade,HustleCompositeZ,DeflectionsPerWin,LooseBallsRecoveredPerWin,ContestedShotsPerWin,FinancialEfficiencyZ,TeamPerformanceZ,FinancialFlexibilityZ
OKC,Oklahoma City Thunder,64.0,18.0,0.780488,0.78,119.0,11.15,11.04,118.9,107.7,11.2,99.3,0.599,187827634,187.827634,188057857,-33410857,2298085,2296274,100.0,100.0,100.0,100.0,100.0,1,24.6,0.484,0.365,0.817,44.1,25.8,9.7,5.5,12.6,25.2,2934806.781,19.0,23.0,0.059,0.06,82,242.1,43.1,89.1,13.8,37.9,29.3,51.2,0.572,19.0,23.2,9.6,34.6,19.0,25.2,64.0,18.0,65,17,11.15,-0.11,11.04,118.9,107.7,11.2,99.3,0.261,0.426,0.599,0.561,11.2,22.3,0.213,0.519,14.6,74.4,0.184,Paycom Center,764842,18203,19,64-18,15,24.6,181465678,2298085,4063871,187827634,1,64-18,15,24.6,188057857,-33410857,183713089,84935050,2296274,48.0,8.2,18.6,20.8,2.1,2.4,4.5,47.6,52.4,0.51,27.4,18.9,46.3,16,16,187450150,11715634.375,7806852.0,38333050,3000000,9595390.60182,35333050,85055272,116888640,1028410263,0.204497,0.453749,0.623572,0.104425,250574372,221323649,200807250,173685800,185206200,82,19855,0.484,14.6,0.574,0.233,0.179,0.116,0.046,0.426,0.572,0.72,0.441,0.524,0.447,0.365,0.474,0.86,0.064,413,0.252,1067,0.23,0.38,0,0,187827634,181465678,2298085,4063871,15,24.6,188057857,-33410857,183713089,84935050,2296274,15,24.6,82.0,3.393333,-2241904.866667,60.0,2934806.78125,0.340738,0.059363,0.059629,0.633027,0.012235,0.01221,2938404.015625,0.021636,0.966129,0.462324,-0.177663,0.99799,5.486313,0.819024,11.2,0.042,3.4,-3.3,2.047619,0.425365,0.260382,0.217687,0.659,0.546948,0.5425,0.015,0.667,1480,1.233602,0.325,0.070312,0.723438,1.432796,1.800278,0.788974
SAS,San Antonio Spurs,62.0,20.0,0.756098,0.756,119.8,8.3,8.28,119.6,111.3,8.3,99.9,0.595,187078708,187.078708,183990669,-29343669,7569181,7258201,93.333333,96.666667,96.666667,44.827586,82.873563,3,26.6,0.483,0.359,0.787,47.0,28.1,7.5,5.5,13.5,25.4,3017398.516,21.0,25.0,0.044,0.044,82,240.6,43.4,89.9,13.6,37.9,29.8,52.0,0.574,19.3,24.6,11.4,35.6,18.9,25.4,62.0,20.0,60,22,8.3,-0.03,8.28,119.6,111.3,8.3,99.9,0.274,0.422,0.595,0.559,11.8,26.2,0.215,0.522,11.5,77.3,0.18,Frost Bank Center,743129,18703,21,62-20,15,26.6,179509527,7569181,0,187078708,2,62-20,15,26.6,183990669,-29343669,176732468,83596620,7258201,47.7,8.1,18.2,15.7,2.0,2.1,4.1,49.7,50.3,0.26,27.6,14.8,42.5,16,16,186035565,11627222.8125,10280260.0,37096620,2296274,9534316.438886,34800346,83096620,114041742,557235409,0.199406,0.446671,0.61301,0.104525,152768566,120004713,119274533,61752000,,82,19730,0.483,13.9,0.578,0.277,0.171,0.089,0.041,0.422,0.574,0.704,0.468,0.422,0.467,0.359,0.521,0.92,0.074,498,0.264,1117,0.318,0.391,1,0,187078708,179509527,7569181,0,15,26.6,183990669,-29343669,176732468,83596620,7258201,15,26.6,82.0,4.193333,-2990830.866667,66.666667,3017398.516129,0.331411,0.044366,0.044366,0.639303,0.04046,0.039449,2967591.435484,0.0,0.95954,0.473012,-0.159485,0.994424,2.995317,0.819999,8.3,0.037,-0.3,3.5,2.081481,0.42158,0.273637,0.242553,0.699,0.656398,0.5315,0.032,0.7205,1615,-0.091803,0.253226,0.066129,0.685484,1.072225,1.41195,0.741635
DET,Detroit Pistons,60.0,22.0,0.731707,0.732,117.8,8.16,7.53,117.9,109.7,8.2,99.3,0.583,179870831,179.870831,193082507,-38435507,6210275,9337154,96.666667,80.0,93.333333,93.103448,90.775862,2,25.9,0.485,0.356,0.763,45.6,27.8,10.4,6.4,15.1,26.1,2997847.183,25.0,21.0,0.045,0.046,82,241.5,43.4,89.5,11.0,30.9,32.4,58.6,0.553,19.9,26.1,13.1,32.5,22.0,26.1,60.0,22.0,60,22,8.16,-0.63,7.53,117.9,109.7,8.2,99.3,0.292,0.345,0.583,0.546,13.0,30.9,0.223,0.517,14.8,74.2,0.251,Little Caesars Arena,806422,19651,25,60-22,15,25.9,166479170,6210275,7181386,179870831,3,60-22,15,25.9,193082507,-38435507,176545353,91019317,9337154,47.6,7.1,16.4,20.6,2.7,2.8,5.6,49.3,50.7,0.15,26.0,16.4,42.4,17,17,185911869,10935992.294118,6483144.0,46394100,1372870,11243863.470732,45021230,91019317,122854009,465950174,0.249549,0.489583,0.660819,0.121006,133047899,97985462,60264382,61240212,,82,19805,0.485,12.4,0.655,0.252,0.284,0.082,0.037,0.345,0.553,0.696,0.487,0.413,0.398,0.356,0.565,0.863,0.087,583,0.319,1290,0.286,0.376,1,1,179870831,166479170,6210275,7181386,15,25.9,193082507,-38435507,176545353,91019317,9337154,15,25.9,82.0,2.193333,-10198707.866667,80.0,2997847.183333,0.333573,0.045366,0.045588,0.65547,0.034526,0.048358,3218041.783333,0.039925,0.925548,0.515558,-0.199063,1.033585,2.506296,1.028152,8.2,0.029,1.8,5.1,1.84106,0.345251,0.29162,0.287281,0.597,0.730435,0.526,0.02,0.714,1873,0.765655,0.343333,0.093333,0.706667,1.129757,1.333645,0.365282
BOS,Boston Celtics,56.0,26.0,0.682927,0.683,114.9,7.7,7.37,120.8,112.7,8.1,94.8,0.583,196926936,196.926936,194526296,-39879296,582842,469063,90.0,26.666667,90.0,48.275862,63.735632,8,26.1,0.467,0.367,0.807,46.4,24.6,7.1,5.0,12.4,26.9,3516552.429,10.0,18.0,0.039,0.041,82,240.6,42.1,90.2,15.5,42.1,26.7,48.1,0.555,15.1,18.7,12.5,33.9,19.0,26.9,56.0,26.0,59,23,7.7,-0.33,7.37,120.8,112.7,8.1,94.8,0.207,0.467,0.583,0.553,11.2,29.2,0.167,0.523,11.4,75.7,0.189,TD Garden,785396,19156,10,56-26,15,26.1,172490138,582842,23853956,196926936,4,56-26,15,26.1,194526296,-39879296,187416191,135368714,469063,47.5,9.3,22.3,15.2,2.2,1.9,4.1,54.8,45.2,0.29,24.2,16.3,40.5,15,15,189660536,12644035.733333,2619000.0,54126450,73153,17882126.649591,54053297,135368714,166894839,681153580,0.285386,0.713742,0.879966,0.200011,180193378,184368863,184895875,71446914,,82,19730,0.467,16.2,0.533,0.161,0.196,0.112,0.064,0.467,0.555,0.754,0.49,0.481,0.382,0.367,0.463,0.794,0.039,255,0.235,1055,0.162,0.414,0,0,196926936,172490138,582842,23853956,15,26.1,194526296,-39879296,187416191,135368714,469063,15,26.1,82.0,-0.706667,6857397.133333,30.0,3516552.428571,0.284369,0.039101,0.041132,0.613425,0.00296,0.002411,3473683.857143,0.121131,0.875909,0.722289,-0.205007,0.963101,3.591435,1.414274,8.1,0.03,0.2,4.9,1.983871,0.466741,0.207317,0.269397,0.628,0.344754,0.5605,0.047,0.6285,1310,-0.066861,0.271429,0.073214,0.723214,1.028407,1.230516,-0.277414
DEN,Denver Nuggets,54.0,28.0,0.658537,0.659,122.1,5.15,4.97,122.6,117.4,5.2,98.4,0.616,192006289,192.006289,200743895,-46096895,636435,0,86.666667,36.666667,83.333333,6.896552,53.390805,15,26.7,0.496,0.396,0.808,44.0,29.0,6.8,4.0,12.9,27.8,3555672.019,12.0,11.0,0.027,0.027,82,243.0,43.5,87.8,14.2,35.8,29.4,52.0,0.565,20.8,25.8,9.8,34.2,19.1,27.8,54.0,28.0,53,29,5.15,-0.17,4.97,122.6,117.4,5.2,98.4,0.294,0.408,0.616,0.577,11.5,23.6,0.237,0.543,10.4,75.3,0.196,Ball Arena,812868,19826,12,54-28,15,26.7,189548304,636435,1821550,192006289,5,54-28,15,26.7,200743895,-46096895,187214031,124460081,0,48.0,8.9,21.2,14.4,1.8,1.8,3.5,49.8,50.2,0.33,22.1,14.9,37.0,14,14,186699349,13335667.785714,4639136.5,55224526,623967,16752505.326733,54600559,124460081,155912146,640920866,0.295794,0.666634,0.835097,0.184149,215482928,189299206,121572007,26724137,28448274,82,19930,0.496,14.4,0.592,0.212,0.224,0.097,0.06,0.408,0.565,0.72,0.491,0.486,0.424,0.396,0.586,0.829,0.046,288,0.266,1131,0.25,0.44,3,3,192006289,189548304,636435,1821550,15,26.7,200743895,-46096895,187214031,124460081,0,15,26.7,82.0,6.493333,1936750.133333,36.666667,3555672.018519,0.281241,0.026822,0.027082,0.638521,0.003315,0.0,3717479.537037,0.009487,0.987198,0.664801,-0.22963,0.972361,3.432904,1.256218,5.2,0.034,-1.1,-1.1,2.248062,0.407745,0.29385,0.222727,0.62,0.519608,0.558,0.044,0.7075,1419,-0.705687,0.266667,0.064815,0.685185,0.874557,0.869706,-0.1936
LAL,Los Angeles Lakers,53.0,29.0,0.646341,0.646,116.3,1.76,1.68,118.2,116.4,1.8,98.3,0.609,199094473,199.094473,211399497,-56752497,1076877,991577,76.666667,53.333333,63.333333,86.206897,69.885057,7,26.7,0.502,0.359,0.763,41.0,25.9,8.5,4.3,14.5,28.0,3756499.491,7.0,6.0,0.009,0.009,82,240.3,42.0,83.7,11.8,32.9,30.2,50.8,0.595,20.4,26.8,9.4,31.5,18.5,28.0,53.0,29.0,45,37,1.76,-0.07,1.68,118.2,116.4,1.8,98.3,0.32,0.394,0.609,0.573,13.2,23.9,0.244,0.555,13.0,74.3,0.191,Crypto.com Arena,773047,18855,7,53-29,15,26.7,190246888,1076877,7770708,199094473,6,53-29,15,26.7,211399497,-56752497,194334002,116886072,991577,47.6,8.9,20.7,17.1,1.9,2.3,4.2,46.0,54.0,0.74,22.1,14.4,36.5,15,15,240138771,16009251.4,11000000.0,52627153,1272870,15435115.826492,51354283,132281627,170461741,323661950,0.219153,0.550855,0.709847,0.128637,105270325,78535470,57768000,,,82,19705,0.502,14.4,0.606,0.209,0.218,0.127,0.052,0.394,0.595,0.778,0.531,0.471,0.433,0.359,0.569,0.735,0.078,499,0.228,974,0.239,0.345,1,0,199094473,190246888,1076877,7770708,15,26.7,211399497,-56752497,194334002,116886072,991577,15,26.7,82.0,0.693333,9024934.133333,20.0,3756499.490566,0.266205,0.00884,0.009041,0.593688,0.005409,0.004691,3988669.754717,0.03903,0.955561,0.60147,-0.268461,1.206155,1.347812,0.964137,1.8,0.018,-0.2,-1.8,1.786207,0.39307,0.320191,0.229268,0.603,0.530457,0.5685,-0.014,0.652,1473,0.390484,0.322642,0.079245,0.688679,0.612673,0.434844,0.037615
NYK,New York Knicks,53.0,29.0,0.646341,0.646,116.5,6.33,6.05,119.8,113.3,6.5,96.8,0.59,211069097,211.069097,209823691,-55176691,369424,73153,80.0,50.0,86.666667,68.965517,71.408046,5,26.1,0.478,0.373,0.792,45.6,27.4,8.1,3.9,13.6,28.1,3982435.792,3.0,7.0,0.03,0.031,82,240.9,42.7,89.4,14.2,38.2,28.4,51.2,0.556,16.8,21.3,12.7,32.9,20.0,28.1,53.0,29.0,56,26,6.33,-0.28,6.05,119.8,113.3,6.5,96.8,0.238,0.428,0.59,0.557,12.1,29.3,0.188,0.541,13.1,76.7,0.206,Madison Square Garden (IV),792480,19812,3,53-29,15,26.1,207285880,369424,3413793,211069097,7,53-29,15,26.1,209823691,-55176691,207454264,127655231,73153,47.4,6.9,15.8,17.0,2.2,2.3,4.4,48.9,51.1,0.54,22.4,16.3,38.7,15,15,225202056,15013470.4,7874853.0,53142264,1272870,15682554.67231,51869394,127655231,172027471,569380966,0.235976,0.566848,0.763881,0.139408,205460628,213377864,130531914,41517856,,82,19755,0.478,14.4,0.572,0.246,0.17,0.108,0.049,0.428,0.556,0.689,0.464,0.449,0.439,0.373,0.534,0.86,0.058,387,0.237,1013,0.302,0.416,0,0,211069097,207285880,369424,3413793,15,26.1,209823691,-55176691,207454264,127655231,73153,15,26.1,82.0,0.893333,20999558.133333,6.666667,3982435.792453,0.251103,0.02999,0.030796,0.567587,0.00175,0.000349,3958937.566038,0.016174,0.982076,0.615342,-0.262967,1.066959,2.528312,1.044566,6.5,0.016,1.0,6.0,2.014706,0.427293,0.238255,0.278509,0.674,0.574766,0.531,0.043,0.697,1400,0.062427,0.320755,0.083019,0.730189,0.770247,0.998298,0.027517
CLE,Cleveland Cavaliers,52.0,30.0,0.634146,0.634,119.5,4.11,3.78,119.2,115.1,4.1,99.9,0.595,227400492,227.400492,226181970,-71534970,1474424,424672,66.666667,16.666667,76.666667,72.413793,58.103448,12,27.3,0.482,0.36,0.776,44.4,28.3,8.5,5.0,14.0,27.2,4373086.385,1.0,4.0,0.018,0.018,82,240.9,43.3,90.0,14.3,39.8,29.0,50.2,0.578,18.5,23.9,11.7,32.7,19.6,27.2,52.0,30.0,51,31,4.11,-0.34,3.78,119.2,115.1,4.1,99.9,0.265,0.442,0.595,0.561,12.2,26.9,0.206,0.543,13.1,74.4,0.209,Rocket Arena,796712,19432,1,52-30,15,27.3,181104094,1474424,44821974,227400492,8,52-30,15,27.3,226181970,-71534970,211979654,132234290,424672,47.9,7.5,17.3,19.2,2.3,2.1,4.4,51.5,48.5,0.18,25.9,15.3,41.2,16,16,212140929,13258808.0625,5057968.0,46394100,424672,15873278.362165,45969428,131970893,167907345,597263542,0.218695,0.622091,0.79149,0.152079,222210758,171395398,103262238,61240212,,82,19755,0.482,14.4,0.558,0.252,0.19,0.082,0.034,0.442,0.578,0.708,0.484,0.48,0.372,0.36,0.574,0.814,0.082,540,0.231,979,0.226,0.377,1,0,227400492,181104094,1474424,44821974,15,27.3,226181970,-71534970,211979654,132234290,424672,15,27.3,82.0,3.893333,37330953.133333,0.0,4373086.384615,0.228671,0.018074,0.01803,0.524185,0.006484,0.001878,4349653.269231,0.197106,0.79641,0.623807,-0.316272,0.932896,2.815409,1.197187,4.1,0.018,0.9,1.3,2.021429,0.442222,0.265556,0.263514,0.694,0.570136,0.534,0.017,0.694,1519,0.082218,0.369231,0.084615,0.792308,0.507277,0.695223,-0.48637
HOU,Houston Rockets,52.0,30.0,0.634146,0.634,115.2,5.22,4.87,118.6,113.2,5.4,96.1,0.576,198306133,198.306133,201412484,-46765484,110300,0,83.333333,56.666667,80.0,65.517241,71.37931,6,27.8,0.479,0.364,0.763,48.1,25.4,8.5,5.8,15.4,26.5,3813579.481,9.0,10.0,0.026,0.027,82,242.7,43.0,89.8,11.5,31.5,31.5,58.3,0.54,17.8,23.4,15.0,33.1,18.3,26.5,52.0,30.0,54,28,5.22,-0.35,4.87,118.6,113.2,5.4,96.1,0.26,0.35,0.576,0.542,13.3,34.8,0.199,0.53,12.1,74.5,0.189,Toyota Center,740378,18058,9,52-30,15,27.8,197075354,110300,1120479,198306133,9,52-30,15,27.8,201412484,-46765484,194771442,113653563,0,48.1,6.3,14.3,16.9,2.7,2.3,5.1,53.7,46.3,0.18,26.2,15.6,41.8,14,14,194689411,13906386.5,10147080.0,54708609,2296274,14344974.185577,52412335,113653563,140483997,561922254,0.281005,0.583769,0.72158,0.147434,184925541,151805142,76015108,64571580,27426355,82,19905,0.479,13.7,0.65,0.211,0.225,0.147,0.067,0.35,0.54,0.7,0.492,0.439,0.422,0.364,0.494,0.859,0.081,534,0.234,932,0.291,0.377,2,1,198306133,197075354,110300,1120479,15,27.8,201412484,-46765484,194771442,113653563,0,15,27.8,82.0,-0.406667,8236594.133333,26.666667,3813579.480769,0.262221,0.026323,0.027231,0.598065,0.000556,0.0,3873317.0,0.00565,0.993794,0.583523,-0.232188,0.981762,2.88625,1.031539,5.4,0.012,-1.2,9.3,1.649351,0.35078,0.260579,0.31185,0.561,0.602857,0.532,0.013,0.6765,1466,0.043406,0.325,0.098077,0.803846,0.797877,0.839745,0.114385
MIN,Minnesota Timberwolves,49.0,33.0,0.597561,0.598,118.0,3.35,3.07,116.8,113.5,3.3,100.5,0.592,203414011,203.414011,228841297,-74194297,808346,0,73.333333,33.333333,70.0,27.586207,51.063218,16,26.9,0.481,0.37,0.752,44.1,26.1,8.7,5.8,14.8,27.9,4151306.347,5.0,3.0,0.016,0.016,82,241.2,42.6,88.5,13.8,37.2,28.9,51.4,0.562,19.0,25.3,11.1,33.0,21.2,27.9,49.0,33.0,49,33,3.35,-0.28,3.07,116.8,113.5,3.3,100.5,0.285,0.42,0.592,0.559,12.9,25.7,0.215,0.529,13.0,73.7,0.22,Target Center,732465,17865,5,49-33,15,26.9,190581469,808346,12024196,203414011,10,49-33,15,26.9,228841297,-74194297,194042641,111414710,0,47.5,7.2,17.7,17.1,2.2,2.1,4.3,51.7,48.3,0.11,27.3,15.0,42.3,14,14,204249210,14589229.285714,9509195.0,45550512,2191897,13912303.627979,43358615,111414710,157359538,598973243,0.223014,0.545484,0.770429,0.136382,190387866,188783461,119308939,28448276,,82,19780,0.481,14.2,0.58,0.248,0.192,0.094,0.046,0.42,0.562,0.715,0.454,0.464,0.386,0.37,0.511,0.824,0.071,457,0.258,1108,0.246,0.39,2,0,203414011,190581469,808346,12024196,15,26.9,228841297,-74194297,194042641,111414710,0,15,26.9,82.0,2.393333,13344472.133333,13.333333,4151306.346939,0.240888,0.016469,0.016223,0.574198,0.003974,0.0,4670230.55102,0.059112,0.936914,0.574176,-0.324217,1.004106,2.932561,0.953601,3.3,0.03,0.1,-0.6,1.763514,0.420339,0.285876,0.251701,0.668,0.590476,0.5425,0.02,0.6675,1565,-0.222109,0.34898,0.087755,0.863265,0.565158,0.546379,-0.227967
ATL,Atlanta Hawks,46.0,36.0,0.560976,0.561,118.5,2.41,2.38,116.1,113.7,2.4,101.7,0.584,189875927,189.875927,193255583,-38608583,5262100,6242481,60.0,90.0,60.0,89.655172,74.913793,4,25.6,0.474,0.371,0.774,43.5,30.1,9.4,4.7,14.2,25.2,4127737.543,15.0,20.0,0.013,0.013,82,240.9,43.6,92.0,14.6,39.5,29.0,52.5,0.552,16.6,21.5,11.0,32.6,19.7,25.2,46.0,36.0,47,35,2.41,-0.03,2.38,116.1,113.7,2.4,101.7,0.234,0.429,0.584,0.554,12.3,24.4,0.181,0.546,13.9,74.5,0.206,State Farm Arena,670581,16356,15,46-36,15,25.6,137989431,5262100,46624396,189875927,12,46-36,15,25.6,193255583,-38608583,180372060,84466235,6242481,47.7,7.8,18.3,19.9,2.4,2.5,4.8,48.9,51.1,0.21,27.0,16.3,43.3,18,18,186522162,10362342.333333,8463610.5,30666666,699440,9464203.477809,29967226,84466235,114628035,516504880,0.164413,0.452848,0.614555,0.101898,153088971,131184877,90012704,55000000,,82,19755,0.474,14.2,0.571,0.244,0.2,0.085,0.041,0.429,0.552,0.687,0.45,0.474,0.405,0.371,0.581,0.909,0.059,396,0.246,1061,0.257,0.381,1,1,189875927,137989431,5262100,46624396,15,25.6,193255583,-38608583,180372060,84466235,6242481,15,25.6,82.0,2.893333,-193611.866667,46.666667,4127737.543478,0.242263,0.012692,0.01264,0.611452,0.027713,0.032302,4201208.326087,0.245552,0.726735,0.468289,-0.19978,0.982337,2.769134,0.913327,2.4,0.008,1.6,-1.1,2.119718,0.429348,0.233696,0.252874,0.673,0.568765,0.529,0.01,0.745,1457,0.587131,0.432609,0.104348,0.941304,0.397367,0.386948,0.590879
TOR,Toronto Raptors,46.0,36.0,0.560976,0.561,114.6,2.83,2.75,115.9,113.0,2.9,98.4,0.581,190830670,190.83067,194966020,-40319020,1813382,2674222,70.0,60.0,66.666667,41.37931,59.511494,10,25.2,0.482,0.354,0.769,42.1,29.5,8.8,4.8,13.7,24.8,4148492.826,13.0,17.0,0.015,0.015,82,241.2,42.6,88.4,11.4,32.1,31.3,56.3,0.555,18.0,23.4,10.9,31.2,20.9,24.8,46.0,36.0,48,34,2.83,-0.08,2.75,115.9,113.0,2.9,98.4,0.265,0.363,0.581,0.546,12.2,25.5,0.204,0.54,14.3,74.0,0.222,Scotiabank Arena,772141,18833,13,46-36,15,25.2,184425980,1813382,4591308,190830670,11,46-36,15,25.2,194966020,-40319020,184295524,109256988,2674222,47.5,7.0,15.6,20.4,1.9,2.1,4.0,48.0,52.0,0.28,23.7,15.1,38.8,16,16,187024115,11689007.1875,3049811.5,38661750,458711,13864078.293814,38203039,109256988,156462345,629152463,0.206721,0.584187,0.836589,0.150424,193059996,159388564,118799254,78333510,,82,19780,0.482,13.4,0.637,0.266,0.188,0.127,0.056,0.363,0.555,0.708,0.444,0.458,0.426,0.354,0.6,0.942,0.062,390,0.265,1161,0.267,0.388,1,0,190830670,184425980,1813382,4591308,15,25.2,194966020,-40319020,184295524,109256988,2674222,15,25.2,82.0,-1.006667,761131.133333,40.0,4148492.826087,0.241051,0.01483,0.015197,0.607345,0.009503,0.013716,4238391.73913,0.02406,0.966438,0.592836,-0.2068,0.980053,3.364018,1.186078,2.9,0.006,2.1,-0.5,2.153285,0.363122,0.264706,0.258907,0.629,0.732782,0.531,0.034,0.771,1551,-0.120142,0.443478,0.086957,0.843478,0.523442,0.440165,0.153771
ORL,Orlando Magic,45.0,37.0,0.54878,0.549,115.7,0.63,0.81,114.9,114.3,0.6,100.0,0.576,193784363,193.784363,194063614,-39416614,636435,0,63.333333,76.666667,50.0,34.482759,56.12069,14,24.9,0.464,0.343,0.801,43.4,26.5,8.5,4.7,14.2,24.7,4306319.178,11.0,19.0,0.003,0.003,82,241.8,41.0,88.3,11.7,34.1,29.3,54.2,0.54,22.0,27.5,11.0,32.4,21.0,24.7,45.0,37.0,43,39,0.63,0.17,0.81,114.9,114.3,0.6,100.0,0.311,0.386,0.576,0.531,12.4,25.0,0.249,0.545,13.1,75.6,0.223,Kia Center,768906,18462,11,45-37,15,24.9,188254449,636435,4893479,193784363,15,45-37,15,24.9,194063614,-39416614,187670352,110387420,0,47.6,7.3,16.6,17.0,2.1,2.2,4.3,48.0,52.0,0.26,25.4,15.2,40.6,14,14,194151756,13867982.571429,8151806.5,38661750,1272870,12610826.174149,37388880,110387420,140722189,867779811,0.199132,0.568563,0.724805,0.130494,222030208,207430667,212412400,129193510,54780000,82,19830,0.464,13.5,0.614,0.247,0.227,0.092,0.047,0.386,0.54,0.705,0.438,0.415,0.416,0.343,0.564,0.856,0.064,406,0.303,1225,0.271,0.385,1,1,193784363,188254449,636435,4893479,15,24.9,194063614,-39416614,187670352,110387420,0,15,24.9,82.0,0.093333,3714824.133333,33.333333,4306319.177778,0.232217,0.003251,0.003096,0.592927,0.003284,0.0,4312524.755556,0.025252,0.971464,0.588199,-0.203112,1.001896,4.469595,0.909348,0.6,-0.014,0.7,0.6,1.866197,0.386183,0.311438,0.253456,0.633,0.639896,0.524,0.042,0.71,1631,-0.147773,0.377778,0.095556,0.902222,0.398911,0.155962,0.30442
PHI,Philadelphia 76ers,45.0,37.0,0.54878,0.549,115.9,-0.18,-0.27,115.4,115.5,-0.1,99.4,0.572,201046837,201.046837,199898431,-45251431,1647784,1123547,53.333333,13.333333,43.333333,82.758621,48.189655,18,26.4,0.462,0.349,0.809,43.6,24.6,9.1,5.7,13.6,25.5,4467707.489,6.0,13.0,-0.001,-0.0,82,242.4,41.7,90.3,12.3,35.3,29.4,55.0,0.535,20.1,24.8,11.8,31.9,20.3,25.5,45.0,37.0,41,41,-0.18,-0.09,-0.27,115.4,115.5,-0.1,99.4,0.275,0.391,0.572,0.53,11.9,26.2,0.222,0.541,13.3,72.5,0.212,Xfinity Mobile Arena,778871,18997,6,45-37,15,26.4,193913358,1647784,5485695,201046837,14,45-37,15,26.4,199898431,-45251431,192381622,144849376,1123547,47.9,7.1,16.8,20.6,2.2,2.6,4.8,46.4,53.6,0.22,24.6,15.6,40.2,17,17,193496208,11382129.882353,2461463.0,55224526,263940,17634331.742894,54960586,144849376,164699465,513355968,0.285404,0.74859,0.851177,0.200019,180319943,182766320,131971465,,,82,19880,0.462,14.0,0.609,0.266,0.187,0.093,0.064,0.391,0.535,0.67,0.434,0.413,0.443,0.349,0.499,0.805,0.058,372,0.292,1216,0.214,0.372,1,1,201046837,193913358,1647784,5485695,15,26.4,199898431,-45251431,192381622,144849376,1123547,15,26.4,82.0,0.293333,10977298.133333,16.666667,4467707.488889,0.223828,-0.000895,-0.000497,0.573996,0.008196,0.005621,4442187.355556,0.027286,0.964518,0.752927,-0.226372,0.962443,2.653054,1.5493,-0.1,-0.011,1.4,-1.3,1.808824,0.390919,0.27464,0.270642,0.657,0.680307,0.5095,0.023,0.652,1588,0.31576,0.457778,0.106667,0.893333,0.293505,0.048573,-0.525322
PHX,Phoenix Suns,45.0,37.0,0.54878,0.549,112.6,1.46,1.75,115.4,113.9,1.5,97.2,0.568,190287848,190.287848,207796989,-53149989,24209031,25493325,43.333333,10.0,53.333333,62.068966,42.183908,21,25.8,0.455,0.361,0.781,43.1,24.6,9.5,4.2,14.5,26.8,4228618.844,14.0,8.0,0.008,0.008,82,240.9,41.0,90.1,14.8,40.8,26.2,49.3,0.533,15.8,20.3,13.0,30.1,20.6,26.8,45.0,37.0,45,37,1.46,0.28,1.75,115.4,113.9,1.5,97.2,0.225,0.453,0.568,0.537,12.8,28.9,0.176,0.541,14.5,71.9,0.217,Mortgage Matchup Center,699911,17071,14,45-37,15,25.8,161323492,24209031,4755325,190287848,13,45-37,15,25.8,207796989,-53149989,162373811,108850873,25493325,47.7,8.5,20.6,20.3,2.5,2.2,4.7,53.1,46.9,0.2,21.1,14.0,35.1,18,18,200962926,11164607.0,6006177.0,53142264,706898,13633234.774807,52435366,111463773,149462883,567659796,0.264438,0.554648,0.743734,0.138395,191407638,170860954,97728683,88574238,,82,19755,0.455,15.8,0.547,0.198,0.17,0.117,0.062,0.453,0.533,0.69,0.445,0.449,0.425,0.361,0.485,0.808,0.06,385,0.222,893,0.21,0.395,2,1,190287848,161323492,24209031,4755325,15,25.8,207796989,-53149989,162373811,108850873,25493325,15,25.8,82.0,-3.006667,218309.133333,43.333333,4228618.844444,0.236484,0.007673,0.007883,0.60645,0.127223,0.122684,4617710.866667,0.02499,0.847787,0.670372,-0.255778,1.0561,2.824699,1.221112,1.5,-0.004,1.7,0.8,1.696552,0.45283,0.225305,0.301624,0.651,0.437086,0.5255,0.034,0.6465,1278,0.036064,0.451111,0.104444,0.78,-0.263735,0.266385,-0.550956
CHA,Charlotte Hornets,44.0,38.0,0.536585,0.537,116.0,4.83,4.48,119.4,114.4,5.0,96.8,0.589,177308045,177.308045,183806358,-29159358,21725327,29309090,46.666667,66.666667,73.333333,58.62069,61.321839,9,24.3,0.46,0.378,0.818,46.1,26.3,7.0,4.5,15.4,24.0,4029728.295,27.0,26.0,0.027,0.028,82,240.9,40.9,88.9,16.4,43.3,24.6,45.6,0.538,17.8,21.7,12.8,33.3,19.1,24.0,44.0,38.0,53,29,4.83,-0.35,4.48,119.4,114.4,5.0,96.8,0.244,0.487,0.589,0.552,13.5,30.5,0.2,0.54,11.6,76.6,0.186,Spectrum Center,767319,18715,27,44-38,15,24.3,153328579,21725327,2254139,177308045,16,44-38,15,24.3,183806358,-29159358,154497268,76625427,29309090,47.5,8.7,20.9,13.8,2.4,1.9,4.3,56.5,43.5,0.23,28.6,15.8,44.4,18,18,183093722,10171873.444444,9007840.0,37958760,2270735,8886141.489953,35688025,76625427,103159816,412198168,0.207319,0.418504,0.563426,0.097954,148402018,81137595,71290428,,,82,19755,0.46,15.5,0.513,0.213,0.204,0.072,0.025,0.487,0.538,0.706,0.43,0.408,0.363,0.378,0.518,0.832,0.065,415,0.224,887,0.221,0.436,3,2,177308045,153328579,21725327,2254139,15,24.3,183806358,-29159358,154497268,76625427,29309090,15,24.3,82.0,0.393333,-12761493.866667,86.666667,4029728.295455,0.248156,0.027241,0.0282,0.673404,0.122529,0.159456,4177417.227273,0.012713,0.864758,0.495966,-0.158642,1.032631,2.251296,0.873599,5.0,0.012,-1.9,7.1,1.707792,0.487064,0.244094,0.277657,0.7,0.437372,0.542,0.058,0.675,1302,0.020522,0.313636,0.097727,1.009091,0.018842,0.644044,0.204477
MIA,Miami Heat,43.0,39.0,0.52439,0.524,120.9,2.33,2.35,116.7,114.5,2.2,103.4,0.58,188260468,188.260468,197952062,-43305062,26643031,26643031,40.0,23.333333,56.666667,13.793103,33.448276,24,25.2,0.468,0.361,0.792,46.3,29.0,8.6,4.3,13.7,26.2,4378150.419,18.0,15.0,0.012,0.012,82,240.3,43.7,93.3,13.7,37.9,30.0,55.4,0.542,19.8,25.0,11.8,34.5,18.9,26.2,43.0,39.0,47,35,2.33,0.02,2.35,116.7,114.5,2.2,103.4,0.268,0.406,0.58,0.542,11.6,25.4,0.212,0.54,12.8,74.9,0.193,Kaseya Center,808063,19709,18,43-39,15,25.2,160549396,26643031,1068041,188260468,17,43-39,15,25.2,197952062,-43305062,159827661,96319835,26643031,47.7,3.0,7.0,17.8,2.0,2.1,4.1,49.4,50.6,0.46,24.7,17.6,42.3,15,15,186447146,12429809.733333,4445417.0,37096620,395029,12194109.982511,36701591,96319835,143445624,410311510,0.198966,0.516607,0.769363,0.130829,163037112,85309075,79069687,16200000,,82,19705,0.468,13.7,0.594,0.237,0.243,0.081,0.032,0.406,0.542,0.683,0.463,0.432,0.369,0.361,0.544,0.923,0.05,345,0.279,1230,0.247,0.379,2,1,188260468,160549396,26643031,1068041,15,25.2,197952062,-43305062,159827661,96319835,26643031,15,25.2,82.0,5.293333,-1809070.866667,56.666667,4378150.418605,0.228407,0.012376,0.011686,0.619886,0.141522,0.134593,4603536.325581,0.005673,0.852805,0.602648,-0.218765,0.990368,2.200685,0.981038,2.2,0.002,1.2,0.3,2.116788,0.406217,0.267953,0.25486,0.643,0.583744,0.522,0.018,0.7335,1575,-0.440658,0.413953,0.095349,0.983721,-0.351179,0.319157,-0.292575
LAC,Los Angeles Clippers,42.0,40.0,0.512195,0.512,113.8,1.13,0.96,117.3,116.1,1.2,96.5,0.602,198636382,198.636382,199054230,-44407230,363480,263940,56.666667,70.0,46.666667,,57.777778,13,27.5,0.484,0.368,0.823,40.6,23.7,9.0,4.9,14.3,30.0,4729437.667,8.0,14.0,0.006,0.006,82,241.2,40.5,83.6,12.4,33.8,28.1,49.8,0.564,20.3,24.7,9.6,31.0,18.9,30.0,42.0,40.0,44,38,1.13,-0.17,0.96,117.3,116.1,1.2,96.5,0.295,0.404,0.602,0.559,13.2,23.7,0.243,0.545,12.9,72.9,0.197,Intuit Dome,722504,17622,8,42-40,15,27.5,155786780,363480,42486122,198636382,18,42-40,15,27.5,199054230,-44407230,189852974,116026090,263940,,,,,,,,,,,,,,17,17,209763864,12339050.823529,7600000.0,50000000,263940,14213801.191991,49736060,116026090,156783100,356725316,0.238363,0.553127,0.747427,0.13688,181547350,76175415,24831366,19383010,,82,19780,0.484,14.3,0.596,0.207,0.237,0.106,0.046,0.404,0.564,0.732,0.495,0.47,0.379,0.368,0.496,0.789,0.065,392,0.241,979,0.241,0.415,0,0,198636382,155786780,363480,42486122,15,27.5,199054230,-44407230,189852974,116026090,263940,15,27.5,82.0,-1.806667,8566843.133333,23.333333,4729437.666667,0.211442,0.005689,0.006041,0.590526,0.00183,0.001326,4739386.428571,0.213889,0.784281,0.611137,-0.223091,1.056019,1.700604,1.151936,1.2,0.014,-0.3,-3.4,1.657343,0.404306,0.295455,0.236453,0.611,0.512376,0.55,0.047,0.6425,1371,,,,,0.332959,0.152101,0.267658
POR,Portland Trail Blazers,42.0,40.0,0.512195,0.512,115.5,-0.29,-0.29,114.4,114.7,-0.3,100.5,0.57,188664578,188.664578,197927822,-43280822,26455281,25818846,33.333333,43.333333,40.0,24.137931,35.201149,23,25.0,0.453,0.343,0.765,46.0,25.1,8.3,5.5,17.3,25.2,4492013.762,17.0,16.0,-0.002,-0.002,82,240.9,40.9,90.1,14.5,42.2,26.4,47.9,0.551,19.3,25.2,14.1,31.9,19.9,25.2,42.0,40.0,40,42,-0.29,0.01,-0.29,114.4,114.7,-0.3,100.5,0.28,0.469,0.57,0.534,14.6,31.3,0.214,0.541,13.5,72.7,0.215,Moda Center,718863,17533,17,42-40,16,25.0,160447930,26455281,1761367,188664578,19,42-40,16,25.0,197927822,-43280822,161370946,78775001,25818846,47.5,5.6,13.0,16.7,2.2,1.8,4.1,55.0,45.0,0.41,26.2,14.8,41.1,18,18,221289823,12293879.055556,7789191.5,36620603,268032,12153839.827916,36352571,102675417,149050418,495113975,0.165487,0.463986,0.673553,0.109853,200818701,181020943,74524208,69846958,,82,19755,0.453,14.7,0.531,0.257,0.185,0.055,0.035,0.469,0.551,0.699,0.424,0.38,0.405,0.343,0.499,0.829,0.075,473,0.289,1196,0.242,0.34,0,0,188664578,160447930,26455281,1761367,16,25.0,197927822,-43280822,161370946,78775001,25818846,16,25.0,82.0,-0.106667,-1404960.866667,53.333333,4492013.761905,0.222617,-0.001537,-0.00159,0.606367,0.140224,0.130446,4712567.190476,0.009336,0.85044,0.488161,-0.21867,1.172927,2.237401,0.988609,-0.3,-0.007,-1.1,4.0,1.450867,0.468368,0.279689,0.306522,0.726,0.547974,0.521,-0.003,0.664,1669,-0.297678,0.397619,0.097619,0.978571,-0.50099,-0.02002,-0.066543
GSW,Golden State Warriors,37.0,45.0,0.45122,0.451,114.6,-0.56,-0.34,115.0,115.6,-0.6,99.0,0.584,210019601,210.019601,234222725,-79575725,529164,263940,50.0,6.666667,36.666667,96.551724,47.471264,19,28.8,0.461,0.356,0.807,42.3,28.9,9.7,4.2,15.7,28.6,5676205.432,4.0,1.0,-0.003,-0.003,82,241.5,40.9,88.8,15.7,44.1,25.3,44.7,0.565,17.0,21.1,11.4,31.0,19.6,28.6,37.0,45.0,40,42,-0.56,0.22,-0.34,115.0,115.6,-0.6,99.0,0.238,0.497,0.584,0.549,13.8,25.8,0.192,0.553,14.0,72.9,0.198,Chase Center,740624,18064,4,37-45,15,28.8,184497249,529164,22366514,210019601,20,37-45,15,28.8,234222725,-79575725,204850563,144464974,263940,47.7,7.6,18.9,19.2,2.5,2.5,5.0,50.2,49.8,0.54,25.5,15.2,40.7,14,14,204744987,14624641.928571,3384440.5,59606817,857804,19479002.409017,58749013,144464974,181931906,367550849,0.291127,0.705585,0.888578,0.198146,181479537,20951826,8106068,,,82,19805,0.461,15.7,0.503,0.198,0.201,0.067,0.037,0.497,0.565,0.736,0.483,0.418,0.365,0.356,0.593,0.886,0.034,226,0.279,1248,0.251,0.398,1,1,210019601,184497249,529164,22366514,15,28.8,234222725,-79575725,204850563,144464974,263940,15,28.8,82.0,-1.006667,19950062.133333,10.0,5676205.432432,0.176174,-0.002666,-0.002857,0.547568,0.00252,0.001127,6330343.918919,0.106497,0.878476,0.705221,-0.339744,0.974885,1.795164,1.33193,-0.6,-0.004,0.2,-1.3,1.840764,0.496622,0.237613,0.269504,0.695,0.39839,0.546,0.042,0.7395,1474,0.820127,0.518919,0.135135,1.1,0.06763,-0.137235,-0.948362
MIL,Milwaukee Bucks,32.0,50.0,0.390244,0.39,110.6,-6.21,-6.12,112.9,119.3,-6.4,97.6,0.589,181457807,181.457807,182099997,-27452997,28508207,29483415,13.333333,20.0,26.666667,3.448276,15.862069,30,27.2,0.477,0.387,0.73,40.7,25.8,7.4,4.0,15.2,27.1,5670556.469,24.0,27.0,-0.034,-0.035,82,240.9,40.8,85.5,15.1,39.1,25.7,46.4,0.553,13.9,19.1,8.9,31.8,19.7,27.1,32.0,50.0,26,56,-6.21,0.09,-6.12,112.9,119.3,-6.4,97.6,0.223,0.457,0.589,0.565,13.9,21.1,0.163,0.558,11.7,74.1,0.215,Fiserv Forum,682644,16650,24,32-50,16,27.2,148949876,28508207,3999724,181457807,21,32-50,16,27.2,182099997,-27452997,152616582,102005306,29483415,47.4,6.3,14.6,16.6,1.8,2.0,3.8,47.4,52.6,0.17,22.1,15.2,37.3,20,19,199150895,10481626.052632,3697105.0,54126450,666667,13971374.518841,53459783,116065304,151921663,467285439,0.271786,0.582801,0.762847,0.146144,192645943,158369318,63284379,34971958,,82,19755,0.477,15.5,0.543,0.217,0.155,0.098,0.072,0.457,0.553,0.746,0.425,0.44,0.401,0.387,0.494,0.868,0.061,388,0.226,918,0.276,0.433,1,0,181457807,148949876,28508207,3999724,16,27.2,182099997,-27452997,152616582,102005306,29483415,16,27.2,82.0,-5.006667,-8611731.866667,76.666667,5670556.46875,0.17635,-0.034223,-0.03527,0.622183,0.157107,0.161908,5690624.90625,0.022042,0.820851,0.668376,-0.150758,1.097505,2.346389,1.33294,-6.4,0.007,-2.2,-4.8,1.697368,0.45731,0.223392,0.218673,0.674,0.474836,0.5665,0.046,0.681,1306,-0.9546,0.51875,0.11875,1.165625,-1.156607,-0.941228,-0.412623
CHI,Chicago Bulls,31.0,51.0,0.378049,0.378,116.3,-5.21,-5.09,113.0,118.1,-5.1,102.5,0.58,182641502,182.641502,187673271,-33026271,10844750,16916687,30.0,93.333333,33.333333,79.310345,58.994253,11,24.7,0.469,0.356,0.776,45.0,28.5,7.6,5.0,15.3,25.3,5891661.355,23.0,24.0,-0.029,-0.028,82,240.9,42.4,90.5,14.3,40.1,28.1,50.4,0.559,17.3,22.2,10.4,34.7,19.0,25.3,31.0,51.0,29,53,-5.21,0.12,-5.09,113.0,118.1,-5.1,102.5,0.246,0.443,0.58,0.547,13.3,23.1,0.191,0.553,11.1,75.5,0.19,United Center,829997,20244,23,31-51,15,24.7,137691448,10844750,34105304,182641502,22,31-51,15,24.7,187673271,-33026271,166164036,71853571,16916687,47.7,6.3,14.3,14.4,2.1,2.0,4.2,51.0,49.0,0.61,28.0,17.7,45.7,16,16,183704631,11481539.4375,8500000.0,27678571,2221677,7427421.766855,25456894,71653571,107734067,334161219,0.150669,0.390048,0.586453,0.088655,92955470,73320259,51230464,,,82,19755,0.469,13.7,0.557,0.31,0.184,0.042,0.021,0.443,0.559,0.659,0.429,0.486,0.359,0.356,0.553,0.906,0.041,264,0.326,1397,0.255,0.374,1,1,182641502,137691448,10844750,34105304,15,24.7,187673271,-33026271,166164036,71853571,16916687,15,24.7,82.0,0.693333,-7428036.866667,73.333333,5891661.354839,0.169731,-0.028526,-0.027924,0.618698,0.059377,0.090139,6053976.483871,0.186734,0.753889,0.432426,-0.175977,1.005821,1.819014,0.646901,-5.1,-0.006,-2.2,-1.4,1.862745,0.443094,0.245304,0.231111,0.753,0.699774,0.5075,0.018,0.7295,1661,0.264177,0.464516,0.135484,1.474194,-0.5424,-0.822114,0.620223
DAL,Dallas Mavericks,26.0,56.0,0.317073,0.317,114.1,-5.51,-5.33,111.2,116.5,-5.3,101.7,0.564,220501292,220.501292,200372430,-45725430,6644286,10343186,26.666667,73.333333,23.333333,75.862069,49.798851,17,26.0,0.466,0.344,0.755,44.7,25.3,7.5,5.2,14.5,26.2,8480818.923,2.0,12.0,-0.025,-0.024,82,242.1,41.9,89.8,11.0,31.9,30.9,57.9,0.533,19.5,25.8,10.5,34.2,18.4,26.2,26.0,56.0,28,54,-5.51,0.18,-5.33,111.2,116.5,-5.3,101.7,0.287,0.355,0.564,0.527,12.6,23.2,0.217,0.546,11.4,74.1,0.183,American Airlines Center,790821,19288,2,26-56,15,26.0,171248316,6644286,42608690,220501292,24,26-56,15,26.0,200372430,-45725430,174224556,88319088,10343186,47.7,9.0,20.4,14.1,2.0,2.3,4.3,46.0,54.0,0.29,27.2,16.1,43.3,18,18,182455744,10136430.222222,7357143.0,36566002,131970,10065024.815265,36434032,86528965,115067459,439411278,0.20041,0.474246,0.63066,0.110331,149948952,124083197,61151220,24568176,,82,19855,0.466,13.4,0.645,0.229,0.236,0.108,0.072,0.355,0.533,0.715,0.455,0.428,0.368,0.344,0.503,0.888,0.065,414,0.263,1057,0.289,0.377,1,0,220501292,171248316,6644286,42608690,15,26.0,200372430,-45725430,174224556,88319088,10343186,15,26.0,82.0,-1.506667,30431753.133333,3.333333,8480818.923077,0.117913,-0.024989,-0.024036,0.504305,0.030133,0.05162,7706631.923077,0.193236,0.776632,0.506927,-0.228202,0.827459,2.408317,0.992956,-5.3,-0.019,-1.2,-2.7,1.744828,0.355234,0.287305,0.234899,0.584,0.64507,0.5295,0.033,0.6955,1471,0.091259,0.542308,0.165385,1.665385,-0.589499,-0.944531,0.276578
NOP,New Orleans Pelicans,26.0,56.0,0.317073,0.317,115.5,-4.5,-4.26,114.4,118.9,-4.5,100.3,0.568,187462285,187.462285,207453274,-52806274,2118673,5469850,36.666667,46.666667,30.0,31.034483,36.091954,22,25.1,0.466,0.347,0.784,43.9,25.1,8.9,5.2,14.2,24.1,7210087.885,20.0,9.0,-0.024,-0.024,82,241.5,42.1,90.5,11.1,32.1,31.0,58.4,0.531,20.1,25.7,12.2,31.7,19.9,24.1,26.0,56.0,30,52,-4.5,0.24,-4.26,114.4,118.9,-4.5,100.3,0.284,0.355,0.568,0.527,12.2,27.0,0.222,0.555,12.4,71.4,0.199,Smoothie King Center,675507,16476,20,26-56,15,25.1,179754695,2118673,3239339,187462285,23,26-56,15,25.1,207453274,-52806274,182257822,102095408,5469850,48.0,6.6,15.2,18.3,2.1,2.0,4.1,52.1,47.9,0.33,22.6,16.9,39.6,17,17,187616561,11036268.294118,5399118.0,39446090,70732,12190335.972896,39375358,102095408,141032982,521806873,0.210248,0.544171,0.751709,0.130593,196214389,150499004,74875969,24195628,,82,19805,0.466,12.4,0.645,0.319,0.22,0.07,0.036,0.355,0.531,0.671,0.405,0.386,0.338,0.347,0.509,0.836,0.075,490,0.354,1440,0.224,0.388,1,0,187462285,179754695,2118673,3239339,15,25.1,207453274,-52806274,182257822,102095408,5469850,15,25.1,82.0,-0.106667,-2607253.866667,63.333333,7210087.884615,0.138695,-0.024005,-0.024005,0.610256,0.011302,0.026367,7978972.076923,0.01728,0.958885,0.56017,-0.254545,1.000823,2.781241,1.10457,-4.5,-0.028,0.2,-1.6,1.767606,0.354696,0.283978,0.277904,0.674,0.898592,0.509,0.041,0.6725,1930,-0.209923,0.703846,0.157692,1.523077,-0.375139,-0.825315,0.016682
MEM,Memphis Grizzlies,25.0,57.0,0.304878,0.305,114.7,-6.01,-5.83,112.9,118.8,-5.9,101.3,0.57,178201340,178.20134,157650285,-3003285,12942654,24462849,16.666667,86.666667,20.0,51.724138,43.764368,20,25.1,0.456,0.353,0.793,42.1,27.8,8.8,4.8,15.1,24.6,7128053.6,26.0,29.0,-0.034,-0.033,82,240.6,41.3,90.6,13.9,39.5,27.4,51.1,0.536,18.0,22.8,11.2,31.0,20.5,24.6,25.0,57.0,27,55,-6.01,0.18,-5.83,112.9,118.8,-5.9,101.3,0.251,0.436,0.57,0.533,13.0,24.7,0.199,0.562,13.3,70.9,0.203,FedExForum,632000,15339,26,25-57,15,25.1,131172917,12942654,34085769,178201340,25,25-57,15,25.1,157650285,-3003285,133187436,79553506,24462849,47.9,6.5,15.4,18.0,2.3,2.2,4.5,51.4,48.6,0.23,24.6,16.7,41.4,25,25,166463513,6658540.52,3991320.0,39446090,21946,8631604.876521,39424144,79553506,101273018,319467952,0.236965,0.477904,0.60838,0.107218,140584441,101891214,17925740,,,82,19730,0.456,14.7,0.564,0.207,0.218,0.096,0.043,0.436,0.536,0.673,0.482,0.446,0.354,0.353,0.583,0.851,0.042,264,0.245,1049,0.226,0.366,1,1,178201340,131172917,12942654,34085769,15,25.1,157650285,-3003285,133187436,79553506,24462849,15,25.1,82.0,-0.906667,-11868198.866667,83.333333,7128053.6,0.140291,-0.033726,-0.033109,0.633553,0.072629,0.155172,6306011.4,0.191277,0.736094,0.597305,-0.01905,0.934132,1.919147,1.296321,-5.9,-0.029,0.3,-4.4,1.84106,0.435982,0.251656,0.266033,0.643,0.474771,0.513,0.013,0.717,1313,-0.062113,0.72,0.18,1.656,-0.81683,-1.028966,0.46574
SAC,Sacramento Kings,22.0,60.0,0.268293,0.268,111.0,-10.0,-9.58,111.4,121.5,-10.1,99.2,0.56,189541488,189.541488,213853369,-59206369,495591,395910,23.333333,30.0,10.0,17.241379,20.143678,28,27.3,0.467,0.34,0.772,42.3,25.5,8.0,4.5,14.3,28.3,8615522.182,16.0,5.0,-0.053,-0.053,82,240.9,41.6,89.0,10.3,30.2,31.3,58.8,0.532,17.6,22.8,11.5,30.8,19.7,28.3,22.0,60.0,19,63,-10.0,0.42,-9.58,111.4,121.5,-10.1,99.2,0.256,0.339,0.56,0.525,12.6,25.9,0.198,0.572,12.3,73.5,0.216,Golden 1 Center,661735,16140,16,22-60,15,27.3,176122364,495591,12923533,189541488,26,22-60,15,27.3,213853369,-59206369,187271649,114405660,395910,47.7,7.8,17.6,15.6,2.1,1.9,4.0,53.1,46.9,0.3,23.9,15.2,39.1,14,14,186219931,13301423.642857,4015920.0,47499660,263940,15240260.184683,47235720,114405660,156506850,475973077,0.255073,0.614358,0.840441,0.165198,199990462,109575014,33979480,29931033,31862067,82,19755,0.467,13.9,0.661,0.169,0.274,0.136,0.082,0.339,0.532,0.729,0.503,0.423,0.402,0.34,0.538,0.849,0.059,380,0.257,1069,0.232,0.359,0,0,189541488,176122364,495591,12923533,15,27.3,213853369,-59206369,187271649,114405660,395910,15,27.3,82.0,-4.606667,-528050.866667,50.0,8615522.181818,0.11607,-0.052759,-0.053286,0.587734,0.002615,0.001851,9720607.681818,0.068183,0.929202,0.610908,-0.276855,0.982476,2.555973,1.145762,-10.1,-0.047,-0.3,-0.6,1.783217,0.339326,0.25618,0.271868,0.508,0.498525,0.5345,0.019,0.6935,1449,-0.407056,0.709091,0.181818,1.777273,-0.720148,-1.577172,-0.236055
UTA,Utah Jazz,22.0,60.0,0.268293,0.268,117.6,-8.43,-8.05,114.1,122.3,-8.2,102.3,0.575,147637614,147.637614,173117343,-18470343,17400130,25968281,10.0,40.0,16.666667,37.931034,26.149425,26,25.1,0.467,0.345,0.786,43.8,29.6,8.9,3.8,15.5,24.1,6710800.636,29.0,28.0,-0.057,-0.056,82,241.8,42.5,91.1,12.6,36.7,29.9,54.4,0.55,19.9,25.3,12.0,31.8,21.1,24.1,22.0,60.0,23,59,-8.43,0.38,-8.05,114.1,122.3,-8.2,102.3,0.277,0.402,0.575,0.536,13.2,26.2,0.218,0.578,12.4,72.9,0.227,Delta Center,745626,18186,29,22-60,15,25.1,122387266,17400130,7850218,147637614,27,22-60,15,25.1,173117343,-18470343,147149062,100769100,25968281,48.1,8.7,20.4,17.4,2.2,1.8,4.0,54.1,45.9,0.3,21.3,17.2,38.5,18,18,175065685,9725871.388889,4578949.0,46394100,458711,11967240.533839,45935389,100769100,123716935,505767486,0.26501,0.575607,0.706689,0.139668,137856956,129985079,118176511,53500000,,82,19830,0.467,14.0,0.598,0.187,0.273,0.085,0.052,0.402,0.55,0.687,0.521,0.43,0.402,0.345,0.618,0.882,0.062,403,0.279,1211,0.272,0.385,0,0,147637614,122387266,17400130,7850218,15,25.1,173117343,-18470343,147149062,100769100,25968281,15,25.1,82.0,1.993333,-42431924.866667,93.333333,6710800.636364,0.149014,-0.057099,-0.055541,0.772838,0.117857,0.150004,7868970.136364,0.053172,0.828971,0.68481,-0.106693,1.18578,2.889016,1.230454,-8.2,-0.042,-0.8,-0.9,1.909677,0.402854,0.277717,0.273973,0.589,0.465174,0.516,0.04,0.75,1614,-0.138341,0.790909,0.181818,1.75,-1.257552,-1.37076,-0.159931
BKN,Brooklyn Nets,20.0,62.0,0.243902,0.244,105.9,-9.99,-9.7,108.7,119.0,-10.3,97.1,0.559,144313252,144.313252,150960352,3686648,23426027,24804999,3.333333,83.333333,6.666667,10.344828,25.91954,27,23.4,0.443,0.34,0.78,39.3,25.0,8.0,4.3,15.8,23.5,7215662.6,30.0,30.0,-0.069,-0.071,82,240.9,37.5,84.5,13.1,38.4,24.4,46.1,0.528,17.9,23.0,10.3,29.0,21.1,23.5,20.0,62.0,18,64,-9.99,0.29,-9.7,108.7,119.0,-10.3,97.1,0.272,0.455,0.559,0.52,14.3,23.6,0.212,0.571,13.2,74.0,0.225,Barclays Center,713896,17412,30,20-62,16,23.4,120887225,23426027,0,144313252,28,20-62,16,23.4,150960352,3686648,126155353,79374810,24804999,47.7,6.6,15.7,17.6,2.1,1.8,3.9,54.3,45.7,0.18,25.4,15.4,40.8,25,25,156845832,6273833.28,3372240.0,38333050,73153,8359436.85639,38259897,79185322,92912301,268035579,0.2444,0.504861,0.59238,0.111015,123716928,58678544,33479052,,,82,19755,0.443,14.5,0.545,0.235,0.211,0.063,0.036,0.455,0.528,0.686,0.419,0.41,0.347,0.34,0.548,0.891,0.061,377,0.275,1032,0.236,0.366,1,0,144313252,120887225,23426027,0,16,23.4,150960352,3686648,126155353,79374810,24804999,16,23.4,82.0,-9.706667,-45756286.866667,96.666667,7215662.6,0.138587,-0.069224,-0.071373,0.753223,0.162328,0.164315,7548017.6,0.0,0.837672,0.629183,0.024421,1.086843,1.708911,1.332429,-10.3,-0.051,-1.1,-2.4,1.582278,0.454438,0.272189,0.262087,0.69,0.516484,0.513,0.026,0.7195,1409,-0.477712,0.88,0.195,2.04,-1.724808,-1.626729,0.431751
IND,Indiana Pacers,19.0,63.0,0.231707,0.232,112.4,-7.99,-7.64,110.9,118.8,-7.9,101.0,0.568,185218474,185.218474,191900207,-37253207,4637120,4440132,20.0,63.333333,13.333333,20.689655,29.33908,25,26.0,0.458,0.356,0.776,41.9,27.7,7.4,4.6,14.5,26.1,9748340.737,22.0,22.0,-0.043,-0.043,82,240.9,40.8,89.1,13.4,37.6,27.4,51.5,0.533,17.4,22.5,9.8,32.1,20.9,26.1,19.0,63.0,23,59,-7.99,0.35,-7.64,110.9,118.8,-7.9,101.0,0.252,0.422,0.568,0.533,12.8,21.7,0.196,0.556,11.7,74.1,0.218,Gainbridge Fieldhouse,682287,16641,22,19-63,15,26.0,169685984,4637120,10895370,185218474,29,19-63,15,26.0,191900207,-37253207,183115307,109995004,4440132,47.7,6.8,15.4,14.9,2.0,1.9,4.0,51.4,48.6,0.34,28.0,14.3,42.3,21,21,187970232,8950963.428571,2654880.0,45550512,73153,13196936.743659,45477359,109995004,142097004,650380947,0.242328,0.585172,0.755955,0.15113,202960296,202647073,91179986,,,82,19755,0.458,14.8,0.578,0.216,0.197,0.103,0.062,0.422,0.533,0.677,0.466,0.453,0.376,0.356,0.566,0.907,0.047,302,0.26,1077,0.226,0.372,0,0,185218474,169685984,4637120,10895370,15,26.0,191900207,-37253207,183115307,109995004,4440132,15,26.0,82.0,-3.206667,-4851064.866667,70.0,9748340.736842,0.102582,-0.043138,-0.042652,0.598752,0.025036,0.023138,10100010.894737,0.058824,0.91614,0.600687,-0.194128,1.014857,3.460021,1.474359,-7.9,-0.023,-1.1,-4.2,1.910345,0.421998,0.252525,0.23389,0.638,0.511848,0.5165,0.016,0.7365,1379,-0.328836,0.784211,0.210526,2.226316,-0.816056,-1.378281,0.153785
WAS,Washington Wizards,17.0,65.0,0.207317,0.207,112.9,-11.98,-11.62,111.0,122.7,-11.7,101.4,0.566,173401789,173.401789,232033397,-77386397,22865076,23844113,6.666667,3.333333,3.333333,55.172414,17.126437,29,23.8,0.463,0.359,0.766,41.9,25.0,8.0,5.5,15.7,23.5,10200105.235,28.0,2.0,-0.069,-0.067,82,240.9,41.8,90.4,13.0,36.4,28.8,54.0,0.533,16.2,21.2,11.0,30.9,21.3,23.5,17.0,65.0,16,66,-11.98,0.36,-11.62,111.0,122.7,-11.7,101.4,0.235,0.403,0.566,0.535,13.6,24.1,0.18,0.563,11.7,70.2,0.232,Capital One Arena,660376,16107,28,17-65,15,23.8,102027346,22865076,48509367,173401789,30,17-65,15,23.8,232033397,-77386397,162858635,112328790,23844113,47.5,8.2,19.2,17.1,2.1,1.8,3.9,53.8,46.2,0.4,25.0,15.1,40.0,21,21,189893909,9042567.095238,3539760.0,54126450,73153,14144555.315271,54053297,120441405,140487285,297003627,0.285035,0.634256,0.73982,0.164132,174867322,113022867,17645563,,,82,19755,0.463,14.6,0.597,0.215,0.213,0.105,0.064,0.403,0.533,0.732,0.402,0.46,0.419,0.359,0.5,0.817,0.062,402,0.254,1042,0.212,0.387,0,0,173401789,102027346,22865076,48509367,15,23.8,232033397,-77386397,162858635,112328790,23844113,15,23.8,82.0,-2.706667,-16667749.866667,90.0,10200105.235294,0.098038,-0.069088,-0.067473,0.640132,0.131862,0.102762,13649023.352941,0.279751,0.588387,0.689732,-0.333514,1.095109,1.56405,1.564219,-11.7,-0.028,-1.9,-5.7,1.592357,0.402655,0.234513,0.26253,0.618,0.533499,0.5455,0.028,0.6585,1444,-0.04154,1.005882,0.229412,2.352941,-1.708686,-1.901568,-1.183655
