Team,AvgAge,Payroll,DeadCash,CapAllocations,Cap Space,DeadCap,PTS,FG%,3P%,FT%,TRB,AST,STL,BLK,TOV,RosterAge,W,L,MOV,SRS,ORtg,DRtg,NRtg,Pace,TS%,WinPct,CostPerWin,PayrollRank,CapAllocationRank,PointDiffPerDollar,NetRatingPerMillion
OKC,24.6,187827634,2298085,188057857,-33410857,2296274,119.0,0.484,0.365,0.817,44.1,25.8,9.7,5.5,12.6,25.2,64.0,18.0,11.15,11.04,118.9,107.7,11.2,99.3,0.599,0.78,2934806.781,19.0,23.0,0.059,0.06
SAS,26.6,187078708,7569181,183990669,-29343669,7258201,119.8,0.483,0.359,0.787,47.0,28.1,7.5,5.5,13.5,25.4,62.0,20.0,8.3,8.28,119.6,111.3,8.3,99.9,0.595,0.756,3017398.516,21.0,25.0,0.044,0.044
DET,25.9,179870831,6210275,193082507,-38435507,9337154,117.8,0.485,0.356,0.763,45.6,27.8,10.4,6.4,15.1,26.1,60.0,22.0,8.16,7.53,117.9,109.7,8.2,99.3,0.583,0.732,2997847.183,25.0,21.0,0.045,0.046
BOS,26.1,196926936,582842,194526296,-39879296,469063,114.9,0.467,0.367,0.807,46.4,24.6,7.1,5.0,12.4,26.9,56.0,26.0,7.7,7.37,120.8,112.7,8.1,94.8,0.583,0.683,3516552.429,10.0,18.0,0.039,0.041
DEN,26.7,192006289,636435,200743895,-46096895,0,122.1,0.496,0.396,0.808,44.0,29.0,6.8,4.0,12.9,27.8,54.0,28.0,5.15,4.97,122.6,117.4,5.2,98.4,0.616,0.659,3555672.019,12.0,11.0,0.027,0.027
LAL,26.7,199094473,1076877,211399497,-56752497,991577,116.3,0.502,0.359,0.763,41.0,25.9,8.5,4.3,14.5,28.0,53.0,29.0,1.76,1.68,118.2,116.4,1.8,98.3,0.609,0.646,3756499.491,7.0,6.0,0.009,0.009
NYK,26.1,211069097,369424,209823691,-55176691,73153,116.5,0.478,0.373,0.792,45.6,27.4,8.1,3.9,13.6,28.1,53.0,29.0,6.33,6.05,119.8,113.3,6.5,96.8,0.59,0.646,3982435.792,3.0,7.0,0.03,0.031
CLE,27.3,227400492,1474424,226181970,-71534970,424672,119.5,0.482,0.36,0.776,44.4,28.3,8.5,5.0,14.0,27.2,52.0,30.0,4.11,3.78,119.2,115.1,4.1,99.9,0.595,0.634,4373086.385,1.0,4.0,0.018,0.018
HOU,27.8,198306133,110300,201412484,-46765484,0,115.2,0.479,0.364,0.763,48.1,25.4,8.5,5.8,15.4,26.5,52.0,30.0,5.22,4.87,118.6,113.2,5.4,96.1,0.576,0.634,3813579.481,9.0,10.0,0.026,0.027
MIN,26.9,203414011,808346,228841297,-74194297,0,118.0,0.481,0.37,0.752,44.1,26.1,8.7,5.8,14.8,27.9,49.0,33.0,3.35,3.07,116.8,113.5,3.3,100.5,0.592,0.598,4151306.347,5.0,3.0,0.016,0.016
ATL,25.6,189875927,5262100,193255583,-38608583,6242481,118.5,0.474,0.371,0.774,43.5,30.1,9.4,4.7,14.2,25.2,46.0,36.0,2.41,2.38,116.1,113.7,2.4,101.7,0.584,0.561,4127737.543,15.0,20.0,0.013,0.013
TOR,25.2,190830670,1813382,194966020,-40319020,2674222,114.6,0.482,0.354,0.769,42.1,29.5,8.8,4.8,13.7,24.8,46.0,36.0,2.83,2.75,115.9,113.0,2.9,98.4,0.581,0.561,4148492.826,13.0,17.0,0.015,0.015
PHX,25.8,190287848,24209031,207796989,-53149989,25493325,112.6,0.455,0.361,0.781,43.1,24.6,9.5,4.2,14.5,26.8,45.0,37.0,1.46,1.75,115.4,113.9,1.5,97.2,0.568,0.549,4228618.844,14.0,8.0,0.008,0.008
ORL,24.9,193784363,636435,194063614,-39416614,0,115.7,0.464,0.343,0.801,43.4,26.5,8.5,4.7,14.2,24.7,45.0,37.0,0.63,0.81,114.9,114.3,0.6,100.0,0.576,0.549,4306319.178,11.0,19.0,0.003,0.003
PHI,26.4,201046837,1647784,199898431,-45251431,1123547,115.9,0.462,0.349,0.809,43.6,24.6,9.1,5.7,13.6,25.5,45.0,37.0,-0.18,-0.27,115.4,115.5,-0.1,99.4,0.572,0.549,4467707.489,6.0,13.0,-0.001,-0.0
CHA,24.3,177308045,21725327,183806358,-29159358,29309090,116.0,0.46,0.378,0.818,46.1,26.3,7.0,4.5,15.4,24.0,44.0,38.0,4.83,4.48,119.4,114.4,5.0,96.8,0.589,0.537,4029728.295,27.0,26.0,0.027,0.028
MIA,25.2,188260468,26643031,197952062,-43305062,26643031,120.9,0.468,0.361,0.792,46.3,29.0,8.6,4.3,13.7,26.2,43.0,39.0,2.33,2.35,116.7,114.5,2.2,103.4,0.58,0.524,4378150.419,18.0,15.0,0.012,0.012
LAC,27.5,198636382,363480,199054230,-44407230,263940,113.8,0.484,0.368,0.823,40.6,23.7,9.0,4.9,14.3,30.0,42.0,40.0,1.13,0.96,117.3,116.1,1.2,96.5,0.602,0.512,4729437.667,8.0,14.0,0.006,0.006
POR,25.0,188664578,26455281,197927822,-43280822,25818846,115.5,0.453,0.343,0.765,46.0,25.1,8.3,5.5,17.3,25.2,42.0,40.0,-0.29,-0.29,114.4,114.7,-0.3,100.5,0.57,0.512,4492013.762,17.0,16.0,-0.002,-0.002
GSW,28.8,210019601,529164,234222725,-79575725,263940,114.6,0.461,0.356,0.807,42.3,28.9,9.7,4.2,15.7,28.6,37.0,45.0,-0.56,-0.34,115.0,115.6,-0.6,99.0,0.584,0.451,5676205.432,4.0,1.0,-0.003,-0.003
MIL,27.2,181457807,28508207,182099997,-27452997,29483415,110.6,0.477,0.387,0.73,40.7,25.8,7.4,4.0,15.2,27.1,32.0,50.0,-6.21,-6.12,112.9,119.3,-6.4,97.6,0.589,0.39,5670556.469,24.0,27.0,-0.034,-0.035
CHI,24.7,182641502,10844750,187673271,-33026271,16916687,116.3,0.469,0.356,0.776,45.0,28.5,7.6,5.0,15.3,25.3,31.0,51.0,-5.21,-5.09,113.0,118.1,-5.1,102.5,0.58,0.378,5891661.355,23.0,24.0,-0.029,-0.028
NOP,25.1,187462285,2118673,207453274,-52806274,5469850,115.5,0.466,0.347,0.784,43.9,25.1,8.9,5.2,14.2,24.1,26.0,56.0,-4.5,-4.26,114.4,118.9,-4.5,100.3,0.568,0.317,7210087.885,20.0,9.0,-0.024,-0.024
DAL,26.0,220501292,6644286,200372430,-45725430,10343186,114.1,0.466,0.344,0.755,44.7,25.3,7.5,5.2,14.5,26.2,26.0,56.0,-5.51,-5.33,111.2,116.5,-5.3,101.7,0.564,0.317,8480818.923,2.0,12.0,-0.025,-0.024
MEM,25.1,178201340,12942654,157650285,-3003285,24462849,114.7,0.456,0.353,0.793,42.1,27.8,8.8,4.8,15.1,24.6,25.0,57.0,-6.01,-5.83,112.9,118.8,-5.9,101.3,0.57,0.305,7128053.6,26.0,29.0,-0.034,-0.033
UTA,25.1,147637614,17400130,173117343,-18470343,25968281,117.6,0.467,0.345,0.786,43.8,29.6,8.9,3.8,15.5,24.1,22.0,60.0,-8.43,-8.05,114.1,122.3,-8.2,102.3,0.575,0.268,6710800.636,29.0,28.0,-0.057,-0.056
SAC,27.3,189541488,495591,213853369,-59206369,395910,111.0,0.467,0.34,0.772,42.3,25.5,8.0,4.5,14.3,28.3,22.0,60.0,-10.0,-9.58,111.4,121.5,-10.1,99.2,0.56,0.268,8615522.182,16.0,5.0,-0.053,-0.053
BKN,23.4,144313252,23426027,150960352,3686648,24804999,105.9,0.443,0.34,0.78,39.3,25.0,8.0,4.3,15.8,23.5,20.0,62.0,-9.99,-9.7,108.7,119.0,-10.3,97.1,0.559,0.244,7215662.6,30.0,30.0,-0.069,-0.071
IND,26.0,185218474,4637120,191900207,-37253207,4440132,112.4,0.458,0.356,0.776,41.9,27.7,7.4,4.6,14.5,26.1,19.0,63.0,-7.99,-7.64,110.9,118.8,-7.9,101.0,0.568,0.232,9748340.737,22.0,22.0,-0.043,-0.043
WAS,23.8,173401789,22865076,232033397,-77386397,23844113,112.9,0.463,0.359,0.766,41.9,25.0,8.0,5.5,15.7,23.5,17.0,65.0,-11.98,-11.62,111.0,122.7,-11.7,101.4,0.566,0.207,10200105.235,28.0,2.0,-0.069,-0.067
